MARKET,SERIES,SYMBOL,SECURITY,PREV_CL_PR,OPEN_PRICE,HIGH_PRICE,LOW_PRICE,CLOSE_PRICE,NET_TRDVAL,NET_TRDQTY,CORP_IND,HI_52_WK,LO_52_WK
N,SM,AGUL,A G UNIVERSAL LIMITED,        73.95,        70.30,        70.30,        70.30,        70.30,                   843600.00,12000, ,        75.75,        37.30
N,SM,AAKAAR,AAKAAR MEDICAL TECHNO LTD,        51.00,        51.00,        51.00,        51.00,        51.00,                   326400.00,6400, ,       105.00,        51.00
N,SM,AARADHYA,AARADHYA DISPOSAL INDUS L,       114.00,       115.00,       115.00,       115.00,       115.00,                   138000.00,1200, ,       182.00,        97.50
N,SM,AATMAJ,AATMAJ HEALTHCARE LIMITED,        21.75,        23.00,        23.00,        22.00,        22.00,                    90000.00,4000, ,        25.50,        14.50
N,SM,ABHAPOWER,ABHA POWER N STEEL LTD,        34.25,        32.95,        32.95,        32.90,        32.90,                   105360.00,3200, ,        55.25,        26.45
N,SM,AILIMITED,ABHISHEK INTEGRATIONS LTD,        25.00,        24.10,        24.10,        23.75,        23.75,                    71775.00,3000, ,        90.90,        23.75
N,SM,ABSMARINE,ABS MARINE SERVICES LTD,       176.80,       176.55,       176.95,       171.50,       173.25,                  5808100.00,33500, ,       259.00,        92.10
N,SM,ACCENTMIC,ACCENT MICROCELL LIMITED,       322.70,       323.00,       331.00,       323.00,       330.00,                  2460000.00,7500, ,       378.00,       180.00
N,ST,ACCPL,ACCRETION PHARMA LIMITED,        69.60,        68.50,        68.50,        66.15,        66.60,                  1356420.00,20400, ,       102.50,        53.80
N,SM,ACTIVEINFR,ACTIVE INFRASTRUCTURES L,       170.00,       170.00,       170.00,       170.00,       170.00,                   102000.00,600, ,       190.00,       147.05
N,SM,ADDICTIVE,ADDICTIVE LEARNING TECH L,       104.10,       101.00,       104.00,       101.00,       104.00,                  1804950.00,17500, ,       294.90,        90.00
N,SM,AUSL,ADITYA ULTRA STEEL LTD,        22.50,        22.50,        22.50,        22.50,        22.50,                   135000.00,6000, ,        48.30,        21.35
N,SM,AERON,AERON COMPOSITE LIMITED,       100.70,        96.15,       102.50,        96.15,       102.00,                   907500.00,9000, ,       165.00,        89.05
N,SM,AGARWALFT,AGARWAL FLOAT GLASS I LTD,        31.00,        32.50,        32.55,        31.00,        31.00,                   237150.00,7500, ,        71.25,        31.00
N,SM,AGARWALTUF,AGARWAL TOUGH GLASS IND L,       100.50,       100.25,       103.00,       100.25,       101.80,                  3427320.00,33600, ,       174.05,        81.00
N,SM,AGNI,AGNI GREEN POWER LTD,        18.95,        18.60,        19.45,        18.60,        19.40,                   283750.00,15000, ,        43.35,        17.90
N,ST,AIMTRON,AIMTRON ELECTRONICS LTD,       850.65,       849.00,       852.00,       826.00,       842.50,                  6546370.00,7800, ,      1040.00,       358.00
N,SM,AKANKSHA,AKANKSHA POWER N INFRA L,        71.95,        71.95,        72.00,        71.95,        72.00,                   215950.00,3000, ,       133.75,        63.00
N,ST,AKIKO,AKIKO GLOBAL SERVICES L,       206.00,       206.00,       210.00,       201.50,       208.00,                  4954000.00,24000, ,       299.30,        62.00
N,SM,ALCODIS,ALCOKRAFT DISTILLERIE LTD,        76.05,        74.00,        79.00,        74.00,        79.00,                   386875.00,5000, ,       208.50,        73.25
N,SM,ALLETEC,ALL E TECHNOLOGIES LTD,       182.65,       182.00,       182.00,       170.00,       172.70,                 10792420.00,61600, ,       475.50,       170.00
N,SM,ALPEXSOLAR,ALPEX SOLAR LIMITED,       783.25,       781.20,       873.50,       771.25,       864.20,                152697745.00,183000, ,      1449.70,       495.00
N,SM,AMBANIORGO,AMBANI ORGOCHEM LIMITED,       114.20,       119.90,       119.90,       115.00,       119.90,                  2992600.00,25000, ,       143.65,        94.90
N,SM,AMBEY,AMBEY LABORATORIES LTD,        29.70,        28.40,        30.00,        28.00,        30.00,                   291800.00,10000, ,        60.00,        25.90
N,SM,AMEYA,AMEYA PRECISION ENG LTD,        90.35,        93.95,        94.00,        93.95,        94.00,                   281950.00,3000, ,       127.25,        86.40
N,SM,AISL,ANI INTEGRATED SERV LTD.,        75.60,        72.60,        72.60,        72.60,        72.60,                   217800.00,3000, ,       153.00,        72.60
N,SM,ANLON,ANLON TECHNOLOGY SOL LTD,       377.30,       385.00,       385.00,       376.25,       377.55,                   909340.00,2400, ,       497.00,       239.00
N,SM,ANNAPURNA,ANNAPURNA SWADISHT LTD,       215.90,       214.80,       219.30,       205.00,       207.25,                126297750.00,584250, ,       371.00,       180.00
N,SM,ANYA,ANYA POLYTECH & FERTI LTD,        20.55,        19.95,        20.95,        19.95,        20.95,                   614500.00,30000, ,        29.05,        19.45
N,SM,APEXECO,APEX ECOTECH LIMITED,       134.70,       132.00,       134.10,       132.00,       134.10,                   318480.00,2400, ,       165.60,        73.00
N,SM,APRAMEYA,APRAMEYA ENGINEERING LTD,       236.40,       248.95,       261.00,       227.10,       240.00,                  6627650.00,27500, ,       360.00,        86.50
N,SM,ARABIAN,ARABIAN PETROLEUM LIMITED,        68.05,        69.00,        70.00,        69.00,        70.00,                  1671000.00,24000, ,        92.95,        63.00
N,SM,ARCIIL,ARC INSULATION & INSU LTD,        62.00,        60.00,        60.00,        55.35,        57.50,                  1415700.00,25000, ,       145.00,        55.35
N,ST,ARHAM,ARHAM TECHNOLOGIES LTD,       140.05,       139.00,       139.95,       135.80,       139.95,                   550750.00,4000, ,       161.00,        70.80
N,SM,ARMOUR,ARMOUR SECURITY (INDIA) L,        30.10,        29.90,        31.25,        29.90,        30.45,                  1531300.00,50000, ,        45.60,        28.90
N,SM,ARVINDPORT,ARVIND PORT AND INFRA LTD,        30.50,        30.20,        30.75,        29.00,        30.75,                  1029225.00,34500, ,        87.40,        28.95
N,ST,ASCOM,ASCOM LEASIN & INVEST LTD,       159.00,       162.00,       165.00,       162.00,       165.00,                   490000.00,3000, ,       165.00,        76.55
N,SM,ASHALOG,ASHAPURA LOGISTICS LTD,        66.00,        64.00,        64.00,        64.00,        64.00,                   128000.00,2000, ,        93.10,        60.00
N,SM,ASHWINI,ASHWINI CONTAINER MOVER L,       135.00,       135.00,       140.00,       135.00,       139.50,                  3883800.00,28000, ,       167.80,       127.90
N,SM,ASPIRE,ASPIRE & INNOVATIVE ADV L,        14.80,        15.20,        15.20,        15.20,        15.20,                   304000.00,20000, ,        40.00,        14.40
N,SM,ATCENERGY,ATC ENERGIES SYSTEM LTD,        29.50,        30.05,        30.60,        30.00,        30.40,                   653160.00,21600, ,       115.35,        27.00
N,SM,ATMASTCO,ATMASTCO LIMITED,       144.45,       145.00,       145.00,       140.05,       144.00,                  1372260.00,9600, ,       294.00,       109.00
N,SM,AUROIMPEX,AURO IMPEX & CHEMICALS L,        32.10,        30.95,        30.95,        30.50,        30.55,                   196160.00,6400, ,        70.65,        30.50
N,SM,APS,AUSTRALIAN PREM SOLAR I L,       376.65,       377.25,       384.95,       373.65,       378.85,                  5506687.50,14500, ,       654.00,       293.00
N,SM,AVANA,AVANA ELECTROSYSTEMS LTD,        72.55,        71.05,        72.00,        70.00,        71.50,                  2274300.00,32000, ,        83.60,        63.95
N,SM,AVIANSH,AVI ANSH TEXTILE LIMITED,       116.00,       116.25,       117.50,       116.25,       117.50,                   584000.00,5000, ,       123.50,        93.80
N,SM,AVPINFRA,AVP INFRACON LIMITED,       110.15,       115.00,       120.50,       114.00,       117.25,                  9681440.00,82400, ,       223.45,        83.00
N,SM,BAGDIGITAL,B.A.G.CONVERGENCE LIMITED,       113.75,       115.00,       115.00,       112.00,       112.00,                  2354800.00,20800, ,       139.00,        95.75
N,SM,BABAFP,BABA FOOD PROCESSING,        28.75,        25.15,        26.00,        25.00,        26.00,                   452720.00,17600, ,        56.00,        24.30
N,SM,BAHETI,BAHETI RECYCLING IND LTD,       597.85,       600.00,       607.00,       592.85,       596.05,                  8970412.50,15000, ,       649.90,       390.65
N,SM,BALAJIPHOS,BALAJI PHOSPHATES LIMITED,       143.50,       144.00,       144.00,       136.00,       139.30,                  6568000.00,47000, ,       184.70,        72.60
N,SM,BARFLEX,BARFLEX POLYFILMS LIMITED,        60.95,        60.95,        61.00,        60.95,        61.00,                   243900.00,4000, ,        82.40,        41.15
N,SM,BASILIC,BASILIC FLY STUDIO LTD,       258.70,       255.50,       262.80,       255.35,       257.35,                  7227360.00,28200, ,       509.80,       223.15
N,SM,BAWEJA,BAWEJA STUDIOS LIMITED,        32.00,        31.10,        31.10,        30.50,        30.50,                    49280.00,1600, ,        75.70,        27.35
N,ST,BEACON,BEACON TRUSTEESHIP LTD,        87.25,        89.70,        89.70,        86.50,        89.50,                  1238850.00,14000, ,       102.50,        50.00
N,SM,BEWLTD,BEW ENGINEERING LIMITED,        97.25,        97.25,        97.75,        97.00,        97.50,                   437775.00,4500, ,       239.80,        90.00
N,SM,BHADORA,BHADORA INDUSTRIES LTD,        66.50,        69.50,        69.50,        69.50,        69.50,                    83400.00,1200, ,       128.85,        60.00
N,ST,BIKEWO,BIKEWO GREEN TECH LIMITED,        20.00,        20.10,        20.10,        20.10,        20.10,                   402000.00,20000, ,        24.95,        13.65
N,SM,BLUEPEBBLE,BLUE PEBBLE LIMITED,       142.20,       142.55,       146.00,       140.05,       142.40,                  1207320.00,8400, ,       317.00,        88.00
N,SM,BLUEWATER,BLUE WATER LOGISTICS LTD,       136.50,       135.00,       135.00,       132.20,       134.35,                   670200.00,5000, ,       187.20,       125.40
N,SM,BMETRICS,BOMBAY METRICS S C LTD,        38.00,        39.45,        39.50,        39.45,        39.50,                   157920.00,4000, ,        63.20,        35.35
N,SM,BRACEPORT,BRACE PORT LOGISTICS LTD,        81.55,        80.00,        80.00,        78.85,        78.85,                   380560.00,4800, ,       111.00,        69.00
N,ST,CKKRETAIL,C K K RETAIL MART LIMITED,       163.00,       163.00,       171.15,       163.00,       171.15,                390786680.00,2372800, ,       171.15,       163.00
N,ST,CPS,C P S SHAPERS LIMITED,      1293.90,      1231.00,      1285.00,      1229.25,      1257.10,                   930562.50,750, ,      1306.45,       412.00
N,SM,C2C,C2C ADVANCED SYSTEMS LTD,       375.65,       374.35,       374.35,       343.00,       351.20,                 36980677.50,103200, ,       888.00,       250.15
N,SM,CUDML,CASH UR DRIVE MARKETING L,       127.90,       122.15,       124.40,       122.15,       122.40,                  1969550.00,16000, ,       166.50,       114.50
N,SM,CEDAAR,CEDAAR TEXTILE LIMITED,        43.00,        45.00,        45.00,        40.00,        40.60,                   859000.00,21000, ,       136.30,        40.00
N,SM,CELLPOINT,CELL POINT (INDIA) LTD,        16.15,        16.00,        16.00,        16.00,        16.00,                    19200.00,1200, ,        26.90,        15.05
N,SM,CELLECOR,CELLECOR GADGETS LIMITED,        28.15,        27.65,        28.40,        27.25,        28.00,                  5440050.00,195000, ,        68.80,        25.75
N,SM,CMNL,CHAMAN METALLICS LIMITED,       115.05,       112.00,       115.00,       112.00,       115.00,                  1598250.00,14250, ,       183.90,        98.10
N,SM,CHAMUNDA,CHAMUNDA ELECTRICAL LTD,        45.30,        44.05,        44.05,        44.00,        44.05,                   396300.00,9000, ,        71.00,        36.10
N,SM,CHANDAN,CHANDAN HEALTHCARE LTD,       263.45,       262.05,       272.00,       262.05,       271.85,                  9272160.00,34400, ,       358.00,       140.00
N,SM,CHAVDA,CHAVDA INFRA LIMITED,       108.75,       110.55,       113.00,       110.10,       112.40,                  1453200.00,13000, ,       172.60,        82.10
N,SM,CLASSICEIL,CLASSIC ELECTRODE (IND) L,        51.10,        51.50,        52.00,        51.50,        52.00,                   496000.00,9600, ,       113.90,        51.00
N,SM,CSSL,CLEAR SECURED SERVICES L,       130.10,       133.00,       134.45,       127.00,       130.00,                 11200950.00,86000, ,       164.00,        96.75
N,SM,CONNPLEX,CONNPLEX CINEMAS LIMITED,       249.70,       239.00,       265.00,       239.00,       261.75,                 17567360.00,68800, ,       293.00,       177.00
N,SM,COOLCAPS,COOL CAPS INDUSTRIES LTD,        31.60,        30.05,        30.05,        30.05,        30.05,                  3643562.50,121250, ,       931.00,        30.05
N,SM,CGRAPHICS,CREATIVE GRAPHICS S IND L,       157.40,       157.00,       158.85,       156.00,       157.00,                  2521720.00,16000, ,       259.00,       134.40
N,SM,CLSL,CROP LIFE SCIENCE LIMITED,        49.50,        49.50,        49.50,        49.50,        49.50,                    99000.00,2000, ,        62.80,        42.25
N,SM,CURIS,CURIS LIFESCIENCES LTD,       105.55,       107.00,       107.00,       107.00,       107.00,                   107000.00,1000, ,       147.90,        98.00
N,SM,CURRENT,CURRENT INFRAPROJECTS LTD,       124.00,       120.00,       125.00,       120.00,       125.00,                   392000.00,3200, ,       163.00,       120.00
N,SM,CMRSL,CYBER MEDIA RES & SER LTD,        70.65,        70.00,        70.00,        70.00,        70.00,                    56000.00,800, ,        96.75,        64.00
N,SM,DKEGL,D K ENTERPRISES GLOBAL L,        72.00,        72.00,        72.00,        72.00,        72.00,                   108000.00,1500, ,        89.60,        56.50
N,SM,DANISH,DANISH POWER LIMITED,       618.80,       615.00,       645.00,       613.15,       625.85,                 17288437.50,27450, ,      1189.00,       582.00
N,SM,DCCL,DAR CREDIT & CAPITAL LTD,        45.00,        45.00,        45.00,        43.00,        43.00,                   880100.00,20000, ,        66.00,        40.10
N,SM,DCG,DCG CABLES & WIRES LTD,        60.00,        60.00,        60.00,        60.00,        60.00,                   144000.00,2400, ,        90.80,        53.90
N,SM,DENEERS,DE NEERS TOOLS LIMITED,       142.10,       143.00,       145.00,       140.25,       143.25,                  2414010.00,16800, ,       374.80,       132.00
N,SM,DECCANTRAN,DECCAN TRANSCON LEASING L,        23.80,        22.60,        22.60,        22.50,        22.55,                    54120.00,2400, ,        64.50,        20.15
N,SM,DEEM,DEEM ROLL TECH LIMITED,        42.80,        39.70,        39.70,        39.70,        39.70,                   198500.00,5000, ,        76.45,        38.35
N,SM,DELAPLEX,DELAPLEX LIMITED,       108.60,       107.25,       109.00,       106.00,       108.00,                   514860.00,4800, ,       220.00,       102.00
N,SM,DELTIC,DELTA AUTOCORP LIMITED,        39.80,        38.20,        39.05,        38.20,        39.00,                   386800.00,10000, ,       122.95,        37.10
N,SM,DESTINY,DESTINY LOGISTICS & I LTD,       119.00,       124.30,       124.30,       124.30,       124.30,                   186450.00,1500, ,       143.00,        67.80
N,SM,DHARARAIL,DHARA RAIL PROJECTS LTD,       119.85,       121.00,       121.00,       118.25,       118.40,                  1315150.00,11000, ,       157.50,       103.20
G,ST,DHARIWAL,DHARIWALCORP LIMITED,       386.00,        78.70,        78.70,        78.70,        78.70,                   236100.00,3000,XO,       413.00,        78.70
N,SM,DTL,DIENSTEN TECH LIMITED,       128.00,       128.00,       128.00,       128.00,       128.00,                   153600.00,1200, ,       178.00,       105.00
N,SM,DIGIKORE,DIGIKORE STUDIOS LIMITED,        63.50,        61.60,        63.95,        60.00,        60.80,                   367000.00,6000, ,       255.15,        57.10
N,ST,DIVINEHIRA,DIVINE HIRA JEWELLERS LTD,       227.00,       228.00,       231.05,       225.00,       231.05,                  4747360.00,20800, ,       257.75,        43.00
G,ST,DPEL,DIVINE POWER ENERGY LTD,       293.00,       293.20,       297.00,       293.20,       297.00,                  7101975.00,24000, ,       330.60,        92.05
G,ST,DHTL,DOCMODE HEALTH TECH LTD,        68.45,        67.10,        67.10,        67.10,        67.10,                    53680.00,800, ,       125.20,        36.90
N,SM,DOLLEX,DOLLEX AGROTECH LIMITED,        36.75,        34.40,        36.75,        33.00,        34.45,                  1516400.00,44000, ,        44.25,        32.00
N,SM,DRONE,DRONE DESTINATION LIMITED,        51.65,        52.20,        52.20,        51.15,        51.30,                   671375.00,13000, ,       166.30,        50.55
N,SM,DRSDILIP,DRS DILIP ROADLINES LTD.,        66.50,        69.80,        69.80,        69.80,        69.80,                    55840.00,800, ,       112.85,        52.25
N,SM,DUCOL,DUCOL ORGS AND COLOURS LT,       131.10,       134.00,       135.00,       133.55,       135.00,                  4741680.00,35200, ,       209.50,        93.50
N,SM,DUGLOBAL,DUDIGITAL GLOBAL LIMITED,        28.25,        30.50,        31.00,        28.00,        29.20,                  3042375.00,102500, ,        64.00,        26.50
N,SM,DURLAX,DURLAX TOP SURFACE LTD,        49.45,        49.45,        51.30,        47.25,        48.95,                  2995500.00,60000, ,        58.00,        30.55
N,SM,DYNAMIC,DYNAMIC SRVCS & SEC LTD,       133.75,       125.00,       134.85,       125.00,       131.30,                  1286550.00,10000, ,       301.80,        85.40
N,ST,EFACTOR,E FACTOR EXPERIENCES LTD,       275.00,       263.00,       283.35,       261.25,       283.35,                   746540.00,2800, ,       348.00,       127.50
N,SM,E2ERAIL,E TO E TRANS INFRA LTD,       210.40,       210.00,       211.15,       203.10,       203.80,                  6307200.00,30400, ,       347.10,       199.00
N,SM,ECOLINE,ECOLINE EXIM LIMITED,       132.00,       125.00,       134.00,       125.00,       134.00,                   259000.00,2000, ,       143.90,       115.00
N,SM,EFFWA,EFFWA INFRA & RESEARCH L,       203.40,       210.90,       210.90,       202.20,       203.20,                  1962680.00,9600, ,       270.00,       147.55
N,SM,ELGNZ,ELEGANZ INTERIORS LIMITED,        81.50,        81.50,        81.80,        81.50,        81.75,                   899100.00,11000, ,       163.50,        74.15
N,SM,EMAPARTNER,EMA PARTNERS INDIA LTD,        91.85,        91.85,        91.85,        85.00,        85.00,                   176850.00,2000, ,       147.00,        75.50
N,SM,ETML,EMERALD TYRE MANUF LTD,       105.00,       101.00,       101.00,       101.00,       101.00,                   242400.00,2400, ,       153.00,        90.00
N,SM,EMKAYTOOLS,EMKAY TAP & CUT. TOOL LTD,       103.85,       104.00,       104.00,       101.00,       101.00,                    46327.50,450, ,       480.00,        88.00
N,SM,ENCOMPAS,ENCOMPASS DESIGN INDIA L,       246.75,       240.05,       242.40,       225.00,       234.90,                 60364380.00,265200, ,       265.00,       167.35
N,SM,EMMIL,ENERGY MISSION MACH IND L,       151.90,       150.00,       150.00,       148.00,       148.00,                   260500.00,1750, ,       286.15,       139.45
N,SM,ENFUSE,ENFUSE SOLUTIONS LIMITED,       200.50,       198.00,       212.05,       198.00,       212.00,                   750630.00,3600, ,       284.00,       164.00
N,SM,ENSER,ENSER COMMUNICATIONS LTD,        13.50,        13.90,        13.90,        12.55,        13.05,                   655250.00,50000, ,       162.80,        11.35
N,SM,ENVIRO,ENVIROTECH SYSTEMS LTD,       109.00,       105.05,       105.65,       105.05,       105.05,                  1577750.00,15000, ,       173.00,        82.00
N,SM,EEPL,EPPELTONE ENGINEERS LTD,       153.95,       153.00,       156.95,       150.00,       153.45,                  2757000.00,18000, ,       267.90,       138.00
N,SM,EPWINDIA,EPW INDIA LIMITED,       111.00,       113.00,       122.00,       113.00,       114.15,                  6194340.00,52800, ,       123.50,        98.00
N,SM,ESCONET,ESCONET TECHNOLOGIES LTD,       124.15,       125.00,       126.00,       118.00,       118.85,                  1444440.00,12000, ,       296.00,       114.50
N,SM,ESPRIT,ESPRIT STONES LIMITED,        90.70,        93.00,        93.00,        86.00,        86.80,                  4836480.00,54400, ,       134.55,        52.00
N,SM,ESFL,ESSEN SPECIALITY FILMS L,       138.00,       138.00,       139.95,       133.65,       136.85,                  2393226.00,17640, ,       625.45,       133.65
N,ST,EXCELLENT,EXCELLENT WIRES N PACK L,        67.00,        66.90,        70.25,        64.70,        64.70,                  1156560.00,17600, ,        71.25,        36.90
G,ST,EXIMROUTES,EXIM ROUTES LIMITED,       205.40,       201.30,       201.30,       201.30,       201.30,                   644160.00,3200, ,       281.90,       104.50
N,SM,FALCONTECH,FALCON TECHNOPROJ IND LTD,        15.35,        15.35,        15.35,        14.60,        14.90,                   160620.00,10800, ,        42.95,        14.25
N,SM,FELIX,FELIX INDUSTRIES LTD.,       197.55,       191.50,       204.00,       187.20,       201.60,                  6356875.00,32000, ,       220.00,       108.00
N,SM,FIDEL,FIDEL SOFTECH LIMITED,       155.00,       142.00,       142.00,       142.00,       142.00,                   284000.00,2000, ,       234.00,       109.00
N,SM,FINBUD,FINBUD FINANCIAL SERV LTD,       112.10,       113.90,       113.90,       113.90,       113.90,                   113900.00,1000, ,       164.85,       103.05
N,SM,FLYSBS,FLYSBS AVIATION LIMITED,       464.90,       462.20,       488.10,       454.00,       488.10,                 17121070.00,36000, ,       790.00,       375.05
N,ST,FONEBOX,FONEBOX RETAIL LIMITED,        82.00,        77.90,        77.90,        77.90,        77.90,                    77900.00,1000, ,       124.40,        68.85
N,SM,FRESHARA,FRESHARA AGRO EXPORTS LTD,       199.10,       195.95,       199.00,       192.00,       196.05,                  4213050.00,21600, ,       221.95,       117.20
N,SM,FROG,FROG INNOVATIONS LIMITED,       140.20,       142.40,       142.40,       138.10,       139.15,                   560200.00,4000, ,       425.70,       133.00
N,SM,GAJANAND,GAJANAND INTERNATIONAL L,         9.65,         9.35,         9.45,         9.30,         9.45,                   196500.00,21000, ,        17.30,         9.00
N,SM,GGBL,GANESH GREEN BHARAT LTD,       296.95,       291.35,       295.00,       282.00,       284.90,                  4154610.00,14400, ,       555.00,       221.05
N,SM,GANESHIN,GANESH INFRAWORLD LIMITED,       112.85,       112.00,       113.00,       107.25,       107.55,                  8338000.00,76800, ,       279.80,        83.40
N,SM,GRCL,GAYATRI RUBB AND CHEM LTD,       399.00,       398.00,       418.95,       380.05,       418.90,                   804612.50,2000, ,       525.25,       306.65
N,SM,GIRIRAJ,GIRIRAJ CIVIL DEVP LTD,       150.15,       158.50,       158.50,       158.50,       158.50,                    39625.00,250, ,       409.00,        96.80
N,SM,GLOBALPET,GLOBAL PET INDUSTRIES LTD,       118.00,       118.00,       118.00,       118.00,       118.00,                    88500.00,750, ,       159.70,        93.10
N,ST,GICL,GLOBE INTL CARRIERS LTD,        45.50,        45.00,        46.00,        44.50,        45.75,                 12726900.00,279000, ,       179.00,        38.95
G,ST,GSTL,GLOBESECURE TECHNO LTD,        21.05,        21.05,        21.35,        21.00,        21.35,                   212250.00,10000, ,        31.20,         5.95
N,SM,GOLDSTAR,GOLDSTAR POWER LIMITED,         4.80,         4.80,         4.80,         4.80,         4.80,                    54000.00,11250, ,        13.50,         4.50
N,SM,GOYALSALT,GOYAL SALT LIMITED,       136.50,       130.00,       136.25,       130.00,       136.25,                   482670.00,3600, ,       204.00,       120.05
N,SM,GPECO,GP ECO SOLUTIONS INDIA L,       366.60,       375.00,       389.00,       372.25,       383.40,                  4934530.00,13000, ,       616.50,       230.00
N,SM,GCHOTELS,GRAND CONTINENT HOTELS L,       131.75,       131.75,       131.75,       125.00,       127.85,                  4924590.00,38400, ,       255.00,       101.90
N,SM,GRAPHISAD,GRAPHISADS LIMITED,        41.80,        43.20,        44.00,        38.85,        43.40,                  2252100.00,54000, ,        58.20,        30.40
N,SM,GREENCHEF,GREENCHEF APPLIANCES LTD,        46.00,        46.00,        47.90,        45.80,        47.90,                   260080.00,5600, ,        77.80,        42.30
N,SM,GREENLEAF,GREENLEAF ENVIROTECH LTD,       138.45,       139.00,       139.75,       137.85,       137.95,                  2632500.00,19000, ,       185.90,       111.00
N,SM,GSMFOILS,GSM FOILS LIMITED,       207.50,       213.00,       215.00,       207.00,       210.00,                  3249975.00,15500, ,       255.15,       110.70
N,SM,WHITEFORCE,HAPPY SQUARE OUTSOURC S L,        50.00,        50.00,        50.00,        50.00,        50.00,                   160000.00,3200, ,        94.80,        49.00
N,SM,HIGREEN,HI GREEN CARBON LIMITED,       140.05,       140.05,       143.00,       138.00,       143.00,                   448840.00,3200, ,       288.00,       125.00
N,ST,HOACFOODS,HOAC FOODS INDIA LIMITED,       352.50,       348.00,       352.00,       348.00,       352.00,                  1312500.00,3750, ,       380.00,       112.00
N,SM,HOLMARC,HOLMARC OPTO MECHATRO L,        99.00,        97.00,        97.00,        94.05,        94.05,                   789187.50,8250, ,       176.95,        86.15
N,SM,HOMESFY,HOMESFY REALTY LIMITED,       170.00,       162.00,       165.00,       162.00,       164.95,                   343185.00,2100, ,       508.00,       154.60
N,SM,HRHNEXT,HRH NEXT SERVICES LIMITED,        27.10,        27.00,        28.45,        25.75,        28.30,                  1417425.00,52500, ,        84.00,        25.30
N,SM,HVAX,HVAX TECHNOLOGIES LIMITED,       775.00,       736.25,       810.00,       736.25,       810.00,                   822022.50,1050, ,      1029.30,       544.50
N,SM,IBLFL,IBL FINANCE LIMITED,        47.10,        49.10,        49.40,        46.75,        48.05,                   585900.00,12000, ,        74.00,        44.80
N,SM,IDEALTECHO,IDEAL TECHNOPLAST IND LTD,       213.00,       200.00,       200.00,       200.00,       200.00,                   500000.00,2500, ,       228.00,       119.20
N,SM,IDENTICAL,IDENTICAL BRAINS STUDIO L,        17.20,        17.95,        18.15,        17.95,        18.15,                    72200.00,4000, ,        56.00,        17.05
N,SM,IEML,INDIAN EMULSIFIERS LTD,        72.55,        74.80,        74.80,        71.35,        72.00,                  1671800.00,23000, ,       211.95,        71.10
N,SM,IPHL,INDIAN PHOSPHATE LIMITED,        60.50,        60.00,        60.00,        60.00,        60.00,                    72000.00,1200, ,        78.25,        42.40
N,SM,INFINIUM,INFINIUM PHARMACHEM LTD,       220.00,       228.50,       229.65,       215.00,       220.00,                  1237225.00,5500, ,       337.00,       210.00
N,SM,INFLUX,INFLUX HEALTHTECH LIMITED,       221.80,       223.40,       230.00,       223.00,       225.15,                  3919470.00,17400, ,       261.95,       120.00
N,SM,INFOLLION,INFOLLION RESEARCH SER L,       351.00,       354.90,       354.90,       343.40,       353.00,                  1117820.00,3200, ,       575.00,       325.50
N,SM,INNOMET,INNOMET ADVANCED MATERI L,        72.50,        72.55,        72.55,        69.25,        69.25,                   254880.00,3600, ,       216.00,        68.95
N,ST,ITTL,INNOVATIVE TYRE & TUBE LT,        71.15,        71.15,        71.15,        71.15,        71.15,                     7470.75,105, ,       152.40,        28.25
N,SM,INTEGRITY,INTEGRITY INFRABUILD DE L,       127.50,       130.00,       130.00,       130.00,       130.00,                   156000.00,1200, ,       145.10,        81.70
N,SM,INM,INTERIORS & MORE LIMITED,       180.85,       185.00,       185.00,       171.10,       171.10,                  1492230.00,8400, ,       689.00,       170.00
N,SM,INVICTA,INVICTA DIAGNOSTIC LTD,        64.50,        63.05,        63.05,        63.05,        63.05,                   100880.00,1600, ,       105.00,        60.20
N,SM,ITALIANE,ITALIAN EDIBLES LIMITED,        28.50,        28.45,        28.45,        28.45,        28.45,                    56900.00,2000, ,        42.30,        24.05
N,ST,IWARE,IWARE SUPPLYCHAIN SER LTD,       230.45,       238.00,       238.00,       232.75,       236.50,                  1418400.00,6000, ,       243.90,        70.05
N,SM,JAINIK,JAINIK POWER CABLES LTD,       131.00,       128.00,       131.00,       128.00,       130.00,                  1090440.00,8400, ,       153.10,        60.60
N,SM,JAYBEE,JAY BEE LAMINATIONS LTD,        79.50,        80.00,        86.85,        78.00,        81.70,                  8975200.00,109500, ,       307.65,        78.00
N,ST,KORE,JAY JALARAM TECHNO LTD,       141.50,       136.05,       136.05,       135.45,       135.45,                   135750.00,1000, ,       319.70,       110.20
N,SM,JAYESH,JAYESH LOGISTICS LIMITED,       156.95,       160.00,       163.00,       154.00,       155.85,                 12094150.00,76000, ,       183.00,       106.35
N,SM,JEYYAM,JEYYAM GLOBAL FOODS LTD,        42.40,        40.25,        41.30,        40.00,        40.45,                  2344600.00,58000, ,        74.50,        31.00
N,SM,JFLLIFE,JFL LIFE SCIENCES LIMITED,        10.95,        10.95,        10.95,        10.95,        10.95,                    65700.00,6000, ,        22.35,        10.00
N,SM,JIWANRAM,JIWANRAM SHEODUTTRA IND L,         5.30,         5.25,         5.25,         5.25,         5.25,                    94500.00,18000, ,        11.80,         4.80
N,SM,JYOTIGLOBL,JYOTI GLOBAL PLAST LTD,        46.00,        45.00,        45.00,        43.20,        44.50,                   532700.00,12000, ,        77.75,        35.45
N,SM,K2INFRA,K2 INFRAGEN LIMITED,        64.00,        62.05,        64.60,        62.05,        63.35,                   612870.00,9600, ,       138.50,        52.50
N,SM,KKJEWELS,KABRA JEWELS LIMITED,        89.50,        90.00,        94.00,        90.00,        91.85,                  2591000.00,28000, ,       229.00,        84.00
N,SM,KANDARP,KANDARP DG SMART BPO LTD,       150.00,       152.95,       152.95,       144.00,       144.05,                   441050.00,3000, ,       160.00,        50.00
N,ST,KARNIKA,KARNIKA INDUSTRIES LTD,       113.10,       114.00,       118.75,       113.50,       118.10,                   934550.00,8000, ,       973.00,       112.25
N,SM,KATARIA,KATARIA INDUSTRIES LTD,       103.35,       109.95,       109.95,       102.05,       102.25,                   562050.00,5400, ,       131.40,        85.50
N,SM,KLL,KAUSHALYA LOGISTICS LTD,        42.60,        42.50,        43.85,        42.25,        42.40,                  1370560.00,32000, ,       112.00,        40.60
N,SM,KCEIL,KAY CEE ENERGY & INFRA L,       116.20,       118.75,       138.00,       118.00,       135.80,                 14142175.00,109500, ,       388.05,       108.00
N,SM,KAYTEX,KAYTEX FABRICS LIMITED,        57.50,        57.45,        57.50,        57.10,        57.50,                   183640.00,3200, ,       156.90,        54.50
N,SM,KCK,KCK INDUSTRIES LTD,        21.60,        21.60,        21.60,        21.60,        21.60,                   108000.00,5000, ,        54.50,        15.80
N,SM,KEN,KEN ENTERPRISES LIMITED,        44.50,        44.50,        44.50,        43.25,        43.85,                   421500.00,9600, ,        85.00,        35.25
N,SM,KHFM,KHFM HOS FAC MANA SER LTD,        67.10,        64.00,        72.95,        64.00,        72.95,                   212272.50,3100, ,       102.80,        54.50
N,ST,KODYTECH,KODY TECHNOLAB LIMITED,       740.00,       735.00,       752.00,       730.00,       752.00,                  1927730.00,2600, ,      1351.00,       556.05
N,SM,KONSTELEC,KONSTELEC ENGINEERS LTD,        42.90,        43.45,        43.45,        41.25,        41.95,                   333150.00,8000, ,       114.85,        38.50
N,SM,KONTOR,KONTOR SPACE LIMITED,        61.00,        73.00,        73.00,        60.00,        60.00,                   261600.00,4200, ,       102.00,        53.25
N,ST,KDL,KORE DIGITAL LIMITED,       147.75,       147.00,       147.00,       141.85,       142.55,                  2455935.00,17100, ,       564.95,       135.20
N,SM,KOTYARK,KOTYARK INDUSTRIES LTD,       209.65,       209.65,       212.00,       205.00,       209.00,                  1053075.00,5000, ,       768.00,       191.20
N,SM,KRISHCA,KRISHCA STRAPPING SLTN L,       185.55,       184.00,       186.75,       184.00,       185.90,                   742225.00,4000, ,       300.00,       150.00
N,ST,KRMAYURVED,KRM AYURVEDA LIMITED,       173.90,       169.00,       181.00,       169.00,       176.70,                 19187650.00,109000, ,       184.00,       156.15
N,SM,LAKSHYA,LAKSHYA POWERTECH LIMITED,       119.20,       119.20,       119.95,       119.20,       119.50,                   478200.00,4000, ,       270.00,       102.25
N,SM,LAMOSAIC,LAMOSAIC INDIA LIMITED,        29.80,        29.00,        30.30,        29.00,        29.85,                   105690.00,3600, ,        63.85,        24.50
N,SM,LRRPL,LEAD REC AND RUB PROD LTD,        63.15,        63.00,        63.00,        63.00,        63.00,                   189000.00,3000, ,        99.50,        48.60
N,SM,MVKAGRO,M.V.K. AGRO FOOD PROD LTD,       611.50,       624.90,       624.90,       590.05,       610.10,                  6034500.00,9900, ,       819.00,        32.05
N,SM,MACOBSTECH,MACOBS TECHNOLOGIES LTD,       218.90,       215.00,       215.00,       212.00,       212.00,                   512800.00,2400, ,       246.95,       150.60
N,SM,MADHUSUDAN,MADHUSUDAN MASALA LIMITED,       138.15,       136.50,       136.50,       135.00,       135.00,                   271500.00,2000, ,       212.00,       108.60
N,SM,MAGSON,MAGSON RETAIL AND DIST L,       138.00,       135.00,       137.60,       135.00,       137.60,                   272600.00,2000, ,       166.10,        75.50
N,SM,MRIL,MAHENDRA REALTO & INFRA L,        56.00,        52.10,        53.00,        52.10,        53.00,                   251680.00,4800, ,        82.00,        49.15
N,SM,MAHICKRA,MAHICKRA CHEMICAL LIMITED,       168.50,       174.40,       174.40,       155.00,       165.65,                  6748462.50,42000, ,       185.00,        95.20
N,SM,MAITREYA,MAITREYA MEDICARE LIMITED,       204.00,       197.00,       197.00,       196.00,       196.00,                   157200.00,800, ,       329.00,       188.05
N,SM,MPEL,MANAS POLYMER N ENERGIE L,        60.00,        60.00,        60.00,        60.00,        60.00,                    96000.00,1600, ,       153.90,        55.00
N,SM,MANAV,MANAV INFRA PROJECTS LTD,        28.85,        29.90,        29.90,        29.90,        29.90,                   119600.00,4000, ,        31.70,        10.50
N,SM,MAL,MANGALAM ALLOYS LIMITED,        50.10,        49.00,        49.00,        47.60,        47.60,                   916800.00,19200, ,        80.20,        26.25
N,SM,MIEL,MANGLAM INFRA & ENG LTD,        16.50,        16.90,        17.30,        16.50,        16.50,                   101400.00,6000, ,        38.00,        16.00
N,SM,MARC,MARC TECHNOCRATS LIMITED,        53.30,        52.75,        52.75,        52.50,        52.50,                   252600.00,4800, ,        74.40,        40.75
N,ST,MARINETRAN,MARINETRANS INDIA LIMITED,        18.95,        18.95,        19.85,        18.05,        19.85,                   371800.00,20000, ,        28.20,        13.30
N,SM,MDL,MARVEL DECOR LIMITED,        54.80,        49.05,        51.00,        47.00,        50.50,                   637800.00,13000, ,       124.50,        47.00
N,SM,MASON,MASON INFRATECH LIMITED,       176.65,       180.00,       181.00,       180.00,       180.00,                   270500.00,1500, ,       220.00,        73.50
N,SM,MASTER,MASTER COMPONENTS LIMITED,       320.35,       315.00,       315.00,       315.00,       315.00,                   157500.00,500, ,       436.00,       258.40
N,SM,MAXPOSURE,MAXPOSURE LIMITED,        40.40,        39.15,        39.85,        38.25,        38.90,                   391450.00,10000, ,        85.00,        37.20
N,ST,MAXVOLT,MAXVOLT ENERGY INDUS L,       329.30,       329.30,       331.00,       312.85,       312.85,                 26621680.00,84800, ,       509.00,       145.05
N,ST,MCON,MCON RASAYAN INDIA LTD,        54.10,        53.85,        53.85,        53.05,        53.05,                   106900.00,2000, ,       172.00,        53.05
N,SM,MEDIORG,MEDICAMEN ORGANICS LTD,        25.10,        25.00,        25.00,        25.00,        25.00,                    50000.00,2000, ,        49.70,        19.60
N,SM,MEGATHERM,MEGATHERM INDUCTION LTD,       215.65,       217.40,       217.40,       207.10,       216.00,                  1021700.00,4800, ,       380.00,       192.55
N,ST,MILTON,MILTON INDUSTRIES LIMITED,        51.00,        50.00,        50.00,        50.00,        50.00,                   220000.00,4400, ,        53.50,        24.85
N,SM,MHHL,MOHINI HEALTH&HYGIENE LTD,        42.00,        40.20,        41.50,        39.90,        40.70,                   662325.00,16500, ,        70.95,        35.15
N,SM,MONOLITH,MONOLITHISCH INDIA LTD,       470.30,       465.50,       470.00,       465.00,       466.65,                  3270387.50,7000, ,       607.40,       219.45
N,SM,MOS,MOS UTILITY LIMITED,        20.45,        20.45,        20.45,        19.80,        19.95,                 20243800.00,1012000, ,       301.00,        19.50
N,SM,MMEL,MOVING MEDIA ENTER LTD,        42.95,        40.00,        40.85,        40.00,        40.80,                  1052900.00,26000, ,        84.45,        37.80
N,ST,MOXSH,MOXSH OVERSEAS EDUCON LTD,        81.00,        81.20,        85.00,        81.20,        85.00,                  1616640.00,19200, ,       101.15,        25.50
N,SM,MUNISH,MUNISH FORGE LIMITED,        75.40,        78.35,        78.35,        72.05,        74.65,                 20080260.00,276000, ,       143.00,        72.00
N,SM,MYMUDRA,MY MUDRA FINCORP LIMITED,        78.90,        76.10,        77.95,        76.00,        76.00,                   549660.00,7200, ,       119.10,        51.60
N,ST,NRVANDANA,N R VANDANA TEX IND LTD,        59.70,        57.00,        57.15,        57.00,        57.05,                   855750.00,15000, ,        72.90,        37.05
N,SM,NAMAN,NAMAN INDUSTRE PRXIMA LTD,        59.95,        59.95,        59.95,        59.95,        59.95,                    95920.00,1600, ,       119.95,        55.75
N,SM,NAMOEWASTE,NAMO EWASTE MANAGEMENT L,       181.15,       181.15,       183.00,       181.00,       182.00,                  1743160.00,9600, ,       229.90,       127.00
N,SM,NEELAM,NEELAM LINENS & GAR (I) L,        14.95,        15.55,        15.55,        14.90,        15.25,                   548400.00,36000, ,        40.85,        10.95
N,SM,NEOCHEM,NEOCHEM BIO SOLUTIONS LTD,        76.00,        76.50,        79.00,        76.50,        78.75,                  2049060.00,26400, ,       113.40,        71.00
N,SM,NEPHROCARE,NEPHRO CARE INDIA LIMITED,        99.00,        99.00,       102.00,        99.00,       101.00,                   684400.00,6800, ,       204.80,        94.50
N,SM,NEPTUNE,NEPTUNE PETROCHEMICALS L,       243.40,       241.45,       241.45,       241.45,       241.45,                   241450.00,1000, ,       246.90,       126.30
N,SM,NEWJAISA,NEWJAISA TECHNOLOGIES LTD,        18.70,        19.30,        19.60,        19.30,        19.60,                   469650.00,24000, ,        85.00,        15.15
N,SM,NMSTEEL,NEWMALAYALAM STEEL LTD,        26.90,        27.00,        27.00,        27.00,        27.00,                    43200.00,1600, ,        49.20,        23.35
N,SM,NIDAN,NIDAN LABS AND HEALTH LTD,        15.65,        17.45,        17.45,        16.30,        16.80,                   118100.00,7000, ,        25.75,        15.00
N,SM,NIKITA,NIKITA GRENTEC RECYCL LTD,       112.50,       113.50,       113.50,       113.50,       113.50,                   408600.00,3600, ,       156.00,        77.15
N,SM,NIRMAN,NIRMAN AGRI GENTICS LTD,        57.75,        63.45,        63.50,        63.45,        63.50,                 15199155.00,239400, ,       390.35,        46.75
N,SM,OBSCP,OBSC PERFECTION LIMITED,       308.75,       312.60,       314.95,       304.00,       312.80,                  5198740.00,16800, ,       360.00,       144.90
N,SM,OMFURN,OMFURN INDIA LIMITED,        48.30,        47.00,        48.00,        47.00,        47.00,                   510000.00,10800, ,       140.00,        47.00
N,SM,ONDOOR,ON DOOR CONCEPTS LIMITED,       118.50,       118.00,       119.00,       118.00,       119.00,                  1106400.00,9300, ,       276.90,       100.00
N,SM,OLIL,ONECLICK LOGISTICS IND L,       288.00,       286.15,       305.00,       284.00,       304.50,                 12073260.00,40400, ,       355.00,        98.15
N,SM,ONYX,ONYX BIOTEC LIMITED,        37.00,        37.00,        37.00,        37.00,        37.00,                    74000.00,2000, ,        71.00,        28.10
N,SM,OPTIVALUE,OPTIVALUE TEK CONSULT LTD,        79.00,        79.00,        79.00,        79.00,        79.00,                   252800.00,3200, ,       107.55,        67.95
N,SM,ORIANA,ORIANA POWER LIMITED,      2015.55,      2014.80,      2227.00,      1983.00,      2083.95,                342915296.25,161850, ,      3064.00,      1000.00
N,ST,OSELDEVICE,OSEL DEVICES LIMITED,       515.10,       532.00,       532.00,       511.00,       526.60,                  5425070.00,10400, ,       835.00,       186.25
N,SM,OWAIS,OWAIS METAL & MINERAL,       236.50,       241.00,       247.00,       236.90,       240.05,                  2506440.00,10400, ,       832.00,       200.10
N,ST,PSRAJ,P S RAJ STEELS LIMITED,       293.45,       278.80,       290.00,       278.80,       290.00,                   858750.00,3000, ,       318.10,       122.85
N,SM,PARAGON,PARAGON FINE S.C. LTD.,        42.10,        43.00,        45.00,        43.00,        44.95,                  1012020.00,22800, ,        84.00,        34.10
N,SM,PARAMATRIX,PARAMATRIX TECHNOLOGIES L,        75.05,        75.00,        77.00,        75.00,        76.80,                   364560.00,4800, ,       108.95,        63.60
N,SM,PARAMOUNT,PARAMOUNT DYE TEC LIMITED,        42.70,        44.50,        44.50,        44.50,        44.50,                    53400.00,1200, ,        90.00,        36.35
N,SM,PSFL,PARAMOUNT SPECIALI FORG L,        28.00,        27.75,        28.50,        27.75,        28.50,                   168500.00,6000, ,        78.00,        25.10
N,SM,PARIN,PARIN ENTERPRISES LIMITED,       661.30,       604.10,       649.85,       604.10,       649.15,                   962487.50,1500, ,       698.00,       311.65
N,SM,PARTH,PARTH ELEC & ENG LTD,       221.05,       229.00,       239.05,       229.00,       236.55,                  3103220.00,13200, ,       306.40,       169.00
N,SM,PATILAUTOM,PATIL AUTOMATION LIMITED,       137.45,       138.00,       148.00,       136.00,       146.80,                  3821670.00,27000, ,       268.90,       134.00
N,SM,PELATRO,PELATRO LIMITED,       326.50,       320.00,       320.00,       302.40,       306.50,                  1611600.00,5100, ,       461.00,       280.05
N,SZ,PERFECT,PERFECT INFRAENGINEER LTD,         3.10,         3.10,         3.10,         3.10,         3.10,                     9300.00,3000, ,        19.40,         3.10
N,SM,PCCL,PETRO CARBON AND CHEMI L,       225.05,       233.50,       233.50,       220.20,       229.10,                  1095800.00,4800, ,       267.50,       150.00
N,SM,PHANTOMFX,PHANTOM DIGITAL EFF LTD,       203.50,       207.00,       208.95,       198.60,       207.10,                  4937145.00,24300, ,       327.95,       165.00
N,SM,PPSL,PICTUREPOST STUDIOS LTD,         9.05,         9.00,         9.00,         9.00,         9.00,                    27000.00,3000, ,        34.95,         8.80
N,ST,POLYSIL,POLYSIL IRRIGATION SYST L,       212.00,       212.00,       216.05,       202.00,       210.00,                  1878225.00,9000, ,       356.75,        14.25
N,SM,POSITRON,POSITRON ENERGY LIMITED,       181.50,       183.00,       184.00,       182.00,       182.00,                   219600.00,1200, ,       420.00,       163.20
N,SM,PRAMARA,PRAMARA PROMOTIONS LTD,       357.25,       352.00,       358.00,       350.05,       350.70,                  4768975.00,13500, ,       367.00,       101.05
N,SM,PRATHAM,PRATHAM EPC PROJECTS LTD,       129.80,       134.60,       140.00,       132.50,       135.65,                   653560.00,4800, ,       216.80,       126.50
N,SM,PRECISION,PRECISION METALIKS LTD,         8.85,         9.20,         9.25,         9.20,         9.25,                   166400.00,18000, ,        39.00,         8.40
N,SM,PRLIND,PREMIER ROADLINES LIMITED,        63.05,        61.20,        62.20,        60.00,        62.20,                   608500.00,10000, ,       120.95,        52.55
N,SM,PREMIUM,PREMIUM PLAST LIMITED,        36.20,        36.50,        37.00,        36.50,        37.00,                   552000.00,15000, ,        44.25,        26.05
N,ST,PRESS-RE,PRESSTONIC ENGINEERING L,         9.40,         5.80,        10.50,         5.65,         8.75,                  1496400.00,232800, ,        10.50,         5.65
N,SM,PRESSTONIC,PRESSTONIC ENGINEERING L,        44.40,        46.00,        53.25,        42.00,        53.20,                 12633400.00,245600, ,       143.00,        36.25
N,SM,PRIMECAB,PRIME CABLE INDUSTRIES L,        86.00,        86.45,        90.00,        85.00,        86.75,                  2633360.00,30400, ,       123.65,        70.70
N,SM,PRIZOR,PRIZOR VIZTECH LIMITED,       273.65,       274.75,       279.35,       274.35,       278.50,                  2766580.00,10000, ,       362.00,       105.10
N,SM,PROFX,PRO FX TECH LIMITED,        64.10,        65.00,        65.00,        65.00,        65.00,                   312000.00,4800, ,       136.90,        56.90
N,SM,PROV,PROVENTUS AGROCOM LIMITED,      1200.00,      1200.00,      1200.00,      1200.00,      1200.00,                   384000.00,320, ,      1584.00,       815.10
N,SM,PURPLEUTED,PURPLE UNITED SALES LTD,       385.80,       385.85,       395.95,       375.45,       392.00,                  2211625.00,5750, ,       587.95,       119.55
N,SM,PURVFLEXI,PURV FLEXIPACK LIMITED,        69.00,        72.45,        72.45,        66.50,        70.00,                   220760.00,3200, ,       155.60,        64.25
N,SM,PUSHPA,PUSHPA JEWELLERS LIMITED,        89.00,        87.00,        90.00,        86.10,        88.85,                  2381950.00,27000, ,       148.75,        85.65
N,SM,QFIL,QUALITY FOILS (INDIA) LTD,        55.65,        58.40,        58.40,        58.40,        58.40,                    58400.00,1000, ,        86.90,        52.50
N,SM,QUICKTOUCH,QUICKTOUCH TECHNOLOGIES L,        35.80,        36.00,        37.55,        35.00,        37.05,                  1460550.00,40000, ,        74.05,        27.15
N,SM,RILINFRA,RACHANA INFRA LTD,        34.70,        34.55,        34.65,        32.00,        33.50,                  1307920.00,38700, ,        53.90,        25.55
N,SM,RAJPUTANA,RAJPUTANA BIODIESEL LTD,       230.50,       244.95,       244.95,       230.50,       230.50,                  1321575.00,5500, ,       299.95,       173.15
N,SM,RBS,RAMDEVBABA SOLVENT LTD,        87.50,        87.00,        87.00,        85.05,        86.00,                  1027640.00,12000, ,       143.00,        81.00
N,SM,RAPIDFLEET,RAPID FLEET MGT SERVICE L,       180.00,       180.00,       180.00,       177.25,       177.25,                   643110.00,3600, ,       229.00,       171.00
N,SM,RAPPID,RAPPID VALVES (INDIA) LTD,       280.00,       270.00,       270.00,       270.00,       270.00,                   810000.00,3000, ,       384.90,       215.20
N,SM,RBMINFRA,RBM INFRACON LIMITED,       410.30,       420.00,       425.50,       400.00,       411.00,                  6489810.00,15600, ,       524.80,       249.85
N,SM,REMUS,REMUS PHARMACEUTICALS L,       658.00,       657.00,       657.00,       657.00,       657.00,                   591300.00,900, ,      2327.00,       611.05
N,ST,RNPL,RENOL POLYCHEM LIMITED,       145.15,       146.00,       151.50,       141.00,       142.05,                  7541940.00,52800, ,       158.00,        69.00
N,SM,REXPRO,REXPRO ENTERPRISES LTD,        47.70,        51.95,        51.95,        50.85,        50.85,                   154400.00,3000, ,       113.30,        41.60
N,ST,RICHA,RICHA INFO SYSTEMS LTD,        69.25,        68.95,        68.95,        65.80,        68.45,                  3360550.00,49000, ,       102.05,        50.00
N,SM,RNFI,RNFI SERVICES LIMITED,       301.00,       300.00,       310.00,       296.00,       310.00,                  1804800.00,6000, ,       404.00,       205.00
N,ST,ROCKINGDCE,ROCKINGDEALS CIRCU ECO L,       224.00,       220.00,       220.00,       212.80,       218.95,                   383200.00,1750, ,       573.00,       160.55
N,SM,ROXHITECH,ROX HI TECH LIMITED,        34.25,        34.25,        34.25,        33.90,        34.25,                   163840.00,4800, ,        76.90,        28.65
N,SM,RULKA,RULKA ELECTRICALS LIMITED,       102.50,       103.00,       103.00,       100.00,       100.00,                   184050.00,1800, ,       213.45,        96.05
N,ST,SATECH,S A TECH SOFTWARE INDIA L,        49.60,        47.60,        49.85,        47.20,        49.85,                   144650.00,3000, ,        90.00,        31.80
N,SM,SDREAMS,S D RETAIL LIMITED,        93.50,        93.55,        99.05,        93.10,        96.00,                  1724050.00,18000, ,       161.00,        73.00
N,SM,SJLOGISTIC,S J LOGISTICS (INDIA) LTD,       354.55,       347.30,       352.90,       337.15,       340.85,                  8277925.00,24250, ,       685.00,       300.00
N,SM,SAAKSHI,SAAKSHI MEDTEC N PANELS L,       195.15,       189.00,       193.90,       187.50,       192.05,                   686700.00,3600, ,       217.70,       118.00
N,ST,SABAR,SABAR FLEX INDIA LIMITED,         5.50,         5.25,         5.25,         5.25,         5.25,                    26250.00,5000, ,        10.85,         3.80
N,SM,SADHAV,SADHAV SHIPPING LIMITED,       101.90,       100.10,       101.50,        90.00,        94.75,                  1636680.00,16800, ,       140.00,        76.95
N,SM,SAFEENTP,SAFE ENTER RETAIL FIX LTD,       225.00,       227.50,       230.00,       221.50,       228.00,                  7132450.00,31500, ,       319.00,       151.00
N,SM,SAHAJSOLAR,SAHAJ SOLAR LIMITED,       142.75,       141.50,       146.00,       141.40,       145.45,                  2234960.00,15600, ,       525.00,       138.15
N,SM,SAHANA,SAHANA SYSTEM LIMITED,       889.55,       889.55,       955.00,       885.05,       931.55,                 31462668.75,33625, ,      1730.00,       685.00
N,SM,SAHASRA,SAHASRA ELECTRONIC SOLU L,       290.75,       292.00,       302.80,       286.15,       287.85,                 23700500.00,80800, ,       505.00,       227.50
N,SM,SAJHOTELS,SAJ HOTELS LIMITED,        47.50,        47.00,        47.40,        44.70,        47.20,                   824200.00,18000, ,        85.00,        44.05
N,SM,SANGANI,SANGANI HOSPITALS LIMITED,        50.50,        50.15,        50.25,        48.00,        49.90,                  3304725.00,66000, ,        77.00,        42.55
N,SM,SARTELE,SAR TELEVENTURE LIMITED,       203.45,       203.95,       207.20,       202.00,       206.15,                 11014675.00,54000, ,       302.95,       162.00
N,SM,SSEGL,SATHLOKHAR SYN E&C GLOB L,       395.65,       402.00,       413.35,       390.50,       397.45,                 13461380.00,33800, ,       580.00,       345.05
N,SM,SATIPOLY,SATI POLY PLAST LIMITED,        43.85,        46.00,        46.00,        46.00,        46.00,                   713000.00,15500, ,       180.00,        36.10
N,SM,SATTVAENGG,SATTVA ENGINEERING CSTN L,        52.45,        53.05,        54.45,        53.05,        54.45,                   341760.00,6400, ,       118.90,        47.20
N,SM,SAWALIYA,SAWALIYA FOOD PRODUCTS L,       313.55,       315.10,       315.90,       312.00,       313.00,                 14730390.00,46800, ,       326.10,       208.00
N,SM,SERVICE,SERVICE CARE LIMITED,        49.95,        48.95,        48.95,        48.95,        48.95,                    97900.00,2000, ,        73.50,        39.20
N,ST,SHANTHALA,SHANTHALA FMCG PRODUCTS L,        29.50,        28.20,        30.95,        28.05,        28.85,                   411240.00,14400, ,        46.90,        20.40
N,SM,SCML,SHARP CHUCKS N MACHINES L,       133.00,       139.00,       139.00,       134.00,       134.70,                  7546900.00,56000, ,       159.50,        68.05
N,SM,SHEEL,SHEEL BIOTECH LIMITED,        67.95,        70.00,        70.00,        70.00,        70.00,                   140000.00,2000, ,        95.55,        62.00
N,ST,SHEETAL,SHEETAL UNIVERSAL LIMITED,       211.50,       211.60,       212.00,       211.50,       211.90,                  1483100.00,7000, ,       226.75,        71.50
N,SM,SHERA,SHERA ENERGY LIMITED,       126.95,       129.50,       129.50,       120.00,       121.55,                  1241450.00,10000, ,       178.00,       111.50
N,SM,SHIGAN,SHIGAN QUANTUM TECH LTD,        72.00,        73.10,        73.10,        70.00,        70.00,                   859050.00,12000, ,        96.10,        41.20
N,SM,SPCL,SHIVALIC POWER CONTROL L,        97.20,        97.35,        97.80,        93.00,        93.00,                   857070.00,9000, ,       201.00,        71.00
N,SM,SHIVASHRIT,SHIVASHRIT FOODS LIMITED,       128.85,       134.00,       134.00,       125.15,       126.60,                  1801300.00,14000, ,       148.50,       109.00
N,SM,SHREEKARNI,SHREE KARNI FABCOM LTD,       478.55,       450.00,       450.00,       440.00,       442.00,                   532515.00,1200, ,       798.90,       396.00
N,SM,SHREEOSFM,SHREE OSFM E-MOBILITY LTD,        79.10,        79.00,        80.00,        79.00,        79.00,                   554200.00,7000, ,       145.35,        69.20
N,SM,TIRUPATI,SHREE TIRUPATI BALAJEE,       588.80,       559.40,       587.95,       559.40,       567.35,                 11059512.50,19500, ,       997.00,       452.95
N,SM,SHETHJI,SHREEJI GLOBAL FMCG LTD,       113.40,       113.50,       118.95,       112.00,       116.60,                  4807700.00,42000, ,       123.65,        95.50
N,SM,SHRIAHIMSA,SHRI AHIMSA NATURALS LTD,       266.30,       265.00,       272.50,       263.00,       269.00,                 17336730.00,64800, ,       280.10,       126.50
N,SM,SHKSIL,SHRI HARE-KRI SPO IRON L,        46.75,        48.90,        49.00,        48.00,        48.00,                   291800.00,6000, ,        84.00,        43.00
N,SM,SHRIKANHA,SHRI KANHA STAINLESS LTD,        26.25,        27.10,        28.50,        26.70,        27.80,                   485920.00,17600, ,        88.00,        24.00
N,SM,SHRITECH,SHRI TECHTEX LIMITED,        65.00,        65.00,        65.00,        65.00,        65.00,                   130000.00,2000, ,        95.50,        51.35
N,ST,SHUBHLAXMI,SHUBHLAXMI JEWEL ART LTD,        31.50,        31.50,        31.50,        31.50,        31.50,                    63000.00,2000, ,        40.00,        13.35
N,SM,SHUBHSHREE,SHUBHSHREE BIOFUELS ENE L,       320.00,       340.00,       380.00,       340.00,       368.00,                   547200.00,1500, ,       494.95,       268.70
N,SM,SHYAMDHANI,SHYAM DHANI INDUSTRIES L,        82.50,        81.00,        82.95,        81.00,        81.10,                  2453900.00,30000, ,       139.65,        77.45
N,SM,SIDDHICOTS,SIDDHI COTSPIN LIMITED,        30.70,        30.90,        31.35,        30.30,        30.95,                   627960.00,20400, ,        86.40,        27.15
N,SM,SIDDHIKA,SIDDHIKA COATINGS LIMITED,       196.70,       196.70,       196.70,       196.70,       196.70,                   196700.00,1000, ,       243.00,       154.05
N,SM,SILKFLEX,SILKFLEX POLYMERS INDIA L,       106.20,       111.50,       111.50,       111.50,       111.50,                   223000.00,2000, ,       112.10,        50.65
N,SM,SKP,SKP BEARING INDUSTRI. LTD,       174.10,       184.90,       184.90,       182.50,       182.50,                   183700.00,1000, ,       263.00,       150.00
N,SM,SLONE,SLONE INFOSYSTEMS LIMITED,       214.00,       210.00,       220.00,       210.00,       220.00,                   775880.00,3600, ,       371.45,       210.00
N,SM,SMARTEN,SMARTEN POWER SYSTEMS LTD,        60.05,        58.05,        59.95,        55.50,        59.10,                  2826660.00,49200, ,       157.95,        55.50
N,SM,SNEHAA,SNEHAA ORGANICS LIMITED,        47.25,        47.25,        49.00,        47.25,        48.50,                   193250.00,4000, ,       122.00,        39.35
N,SM,BALCO,SOLVE PLASTIC PRODUCTS L,        24.30,        24.30,        24.30,        24.30,        24.30,                    29160.00,1200, ,        43.00,        23.15
N,SM,SONAMAC,SONA MACHINERY LIMITED,        39.40,        39.50,        39.50,        38.20,        38.20,                   193700.00,5000, ,       118.00,        36.20
N,SM,SPRL,SP REFRACTORIES LIMITED,       115.50,       121.25,       121.25,       121.25,       121.25,                    97000.00,800, ,       199.40,       104.55
N,SM,SPEB,SPEB ADHESIVES LIMITED,        55.80,        55.80,        55.80,        55.80,        55.80,                   223200.00,4000, ,        60.00,        46.55
N,SM,SPECTSTM,SPECTRUM TALENT MGMT LTD,        95.00,        95.00,       102.00,        93.00,        95.50,                  1728280.00,17600, ,       172.80,        69.30
N,SM,SPPPOLY,SPP POLYMER LIMITED,        15.00,        15.00,        15.00,        14.85,        15.00,                    89700.00,6000, ,        30.00,        13.25
N,SM,SPUNWEB,SPUNWEB NONWOVEN LIMITED,       116.00,       114.00,       120.50,       114.00,       119.10,                  3266280.00,27600, ,       173.55,       105.55
N,SM,SSFL,SRIVARI SPICES N FOODS L,        89.70,        97.00,       103.90,        94.00,       101.95,                  2969175.00,30000, ,       216.00,        86.00
N,SM,SRIVASAVI,SRIVASAVI ADHESIVE TAPE L,        45.05,        45.05,        46.95,        44.10,        46.95,                   318750.00,7000, ,        88.90,        39.00
N,SM,STUDIOLSD,STUDIO LSD LIMITED,        11.00,        10.50,        10.85,        10.15,        10.50,                   521300.00,50000, ,        43.20,        10.15
N,SM,SUBAHOTELS,SUBA HOTELS LIMITED,       118.70,       122.00,       122.00,       116.45,       120.65,                  2016300.00,16800, ,       200.00,       104.00
N,SM,SOCL,SUNDREX OIL COMPANY LTD,        28.65,        28.60,        28.75,        27.25,        27.25,                   797760.00,28800, ,        68.80,        27.25
N,SM,SEL,SUNGARNER ENERGIES LTD,       200.00,       200.00,       200.00,       200.00,       200.00,                    40000.00,200, ,       480.00,       181.10
N,ST,SUNLITE,SUNLITE RECYCLING IND LTD,       379.95,       369.05,       379.95,       367.00,       372.95,                  3123510.00,8400, ,       415.50,        91.00
N,SM,SUNTECH,SUNTECH INFRA SOLUTIONS L,        40.65,        41.05,        41.05,        38.30,        38.30,                   847760.00,20800, ,       110.00,        32.20
N,SM,SFML,SUPREME FACILITY MGMT LTD,        27.10,        26.70,        27.75,        26.70,        27.75,                   258240.00,9600, ,        48.80,        26.00
N,SM,SUPREMEPWR,SUPREME POWER EQUIPMENT L,       178.00,       180.50,       180.50,       176.25,       179.00,                  1785525.00,10000, ,       240.05,       100.00
N,SM,SURANI,SURANI STEEL TUBES LTD.,        59.90,        60.00,        60.00,        60.00,        60.00,                    96000.00,1600, ,       183.00,        47.50
N,ST,SWARAJ,SWARAJ SUITING LIMITED,       275.25,       277.00,       278.00,       273.95,       276.95,                  6077775.00,22000, ,       287.45,       138.50
N,SM,SWASTIK,SWASTIK PIPE LIMITED,        21.00,        21.95,        21.95,        19.25,        20.25,                   244500.00,12000, ,        52.95,        18.90
N,SM,SYNOPTICS,SYNOPTICS TECHNOLOGIES L,        51.20,        53.75,        53.75,        53.75,        53.75,                    32250.00,600, ,       125.00,        45.90
N,ST,SYSTANGO,SYSTANGO TECHNOLOGIES LTD,       287.70,       277.05,       288.45,       274.00,       283.65,                  4497240.00,16000, ,       411.00,       192.25
N,SM,TAC,TAC INFOSEC LIMITED,       606.60,       587.35,       622.00,       587.35,       619.45,                 27610950.00,45400, ,      1508.00,       587.35
N,ST,TANKUP,TANKUP ENGINEERS LIMITED,       515.75,       491.05,       541.50,       490.00,       541.50,                  2651600.00,5250, ,       817.60,       152.55
N,SM,TAURIAN,TAURIAN MPS LIMITED,       241.10,       239.20,       239.20,       222.10,       223.75,                 13383760.00,59200, ,       425.00,       193.90
N,SM,TBI,TBI CORN LIMITED,        71.50,        71.00,        72.45,        70.55,        72.10,                   772260.00,10800, ,       171.95,        70.00
N,SM,TECHD,TECHD CYBERSECURITY LTD,       497.55,       502.55,       502.55,       485.00,       494.25,                  5041920.00,10200, ,       843.60,       366.70
N,SM,TECHERA,TECHERA ENGINEER (IND) L,       218.85,       220.00,       225.50,       214.00,       223.00,                  3158080.00,14400, ,       325.70,       115.60
N,ST,TGL,TEERTH GOPICON LIMITED,        50.20,        47.75,        49.90,        47.70,        47.80,                  2390470.00,50000, ,       444.00,        38.50
N,SM,TEJASCARGO,TEJAS CARGO INDIA LIMITED,       305.55,       305.55,       305.55,       305.55,       305.55,                   366660.00,1200, ,       363.60,       141.05
N,SM,TCL,THAAI CASTING LIMITED,        89.50,        89.75,        89.75,        85.10,        88.35,                   766240.00,8800, ,       137.00,        77.15
N,SM,TRANSTEEL,TRANSTEEL SEATING TECH L,       146.70,       149.70,       149.70,       142.35,       144.45,                  6973850.00,48000, ,       167.95,        85.00
N,ST,TRANSWIND,TRANSWIND INFRA LIMITED,        25.50,        24.25,        24.25,        24.25,        24.25,                    97000.00,4000, ,        25.50,        12.70
N,SM,TECHLABS,TRIDENT TECHLABS LIMITED,       212.30,       201.70,       214.60,       201.70,       202.55,                 22515025.00,110875, ,      1226.00,       201.70
N,SM,TRIDHYA,TRIDHYA TECH LIMITED,        13.60,        13.30,        13.30,        12.75,        13.05,                   157050.00,12000, ,        34.80,        12.75
N,SM,TROM,TROM INDUSTRIES LIMITED,        59.90,        58.20,        58.45,        58.20,        58.45,                   244590.00,4200, ,       221.75,        51.30
N,SM,TRUST,TRUST FINTECH LIMITED,        43.00,        41.05,        44.50,        41.05,        44.50,                   306870.00,7200, ,       110.00,        38.00
N,SM,TSC,TSC INDIA LIMITED,        36.75,        35.30,        35.30,        35.00,        35.10,                   491300.00,14000, ,        79.30,        34.00
N,SM,TUNWAL,TUNWAL E-MOTORS LIMITED,        29.20,        29.00,        29.00,        28.65,        28.95,                  1909200.00,66000, ,        49.80,        27.05
N,SM,UMA,UMA CONVERTER LIMITED,        19.45,        18.35,        18.60,        18.30,        18.30,                  1260400.00,68000, ,        32.85,        18.15
N,ST,UNIHEALTH,UNIHEALTH HOSPITALS LTD,       292.25,       292.25,       297.00,       292.25,       297.00,                   589250.00,2000, ,       390.60,       120.00
N,SM,UHTL,UNITED HEAT TRANSFER LTD,        48.00,        48.00,        48.00,        46.00,        46.00,                   188000.00,4000, ,        98.00,        46.00
N,SM,URBAN,URBAN ENVIRO WASTE MGMT L,       141.00,       139.50,       141.00,       139.50,       140.00,                   562000.00,4000, ,       590.00,       134.30
N,SM,USHAFIN,USHA FINANCIAL SERVICES L,        29.20,        29.30,        29.50,        29.00,        29.05,                   233680.00,8000, ,       117.90,        26.75
N,SM,UCL,USHANTI COLOUR CHEM LTD,        60.00,        55.00,        55.00,        52.55,        52.55,                   325100.00,6000, ,        67.10,        38.00
N,SM,UTSSAV,UTSSAV CZ GOLD JEWELS LTD,       211.45,       212.00,       214.45,       210.15,       211.65,                  1651140.00,7800, ,       281.00,       145.05
N,SM,VMARCIND,V MARC INDIA LIMITED,       614.85,       628.40,       629.90,       590.00,       594.45,                  8153162.50,13500, ,       805.00,       200.30
N,SM,VR,V R INFRASPACE LIMITED,       154.65,       153.00,       153.00,       153.00,       153.00,                    61200.00,400, ,       299.00,       138.00
N,SM,VLINFRA,V.L.INFRAPROJECTS LIMITED,        27.50,        29.95,        29.95,        26.05,        27.90,                   246750.00,9000, ,        63.45,        22.15
N,SM,DENTALKART,VASA DENTICITY LIMITED,       592.85,       590.00,       597.95,       560.00,       568.40,                  6334712.50,11000, ,       704.00,       533.00
N,SM,VDEAL,VDEAL SYSTEM LIMITED,       171.00,       165.00,       165.00,       165.00,       165.00,                    99000.00,600, ,       260.00,       100.25
N,SM,VEEKAYEM,VEEKAYEM FASH & APP LTD,        93.45,        98.10,        98.10,        98.10,        98.10,                    49050.00,500, ,       318.00,        79.80
N,SM,VERTEXPLUS,VERTEXPLUS TECHNOLOGIES L,        91.00,        86.45,        90.00,        86.45,        90.00,                   105870.00,1200, ,       149.80,        73.40
N,SM,VIAZ,VIAZ TYRES LIMITED,        65.00,        67.90,        67.90,        67.90,        67.90,                   135800.00,2000, ,        99.55,        49.30
N,SM,VICTORYEV,VICTORY ELEC VEHICL INT L,        21.95,        21.80,        22.00,        21.20,        21.80,                  1352250.00,63000, ,        34.45,        19.00
N,SM,VIGOR,VIGOR PLAST INDIA LIMITED,        59.70,        60.00,        60.00,        60.00,        60.00,                   192000.00,3200, ,        98.00,        57.50
N,SM,VIJAYPD,VIJAYPD CEUTICAL LIMITED,        56.05,        56.05,        65.00,        54.65,        63.30,                 14382600.00,240000, ,        65.00,        35.00
N,SM,VILAS,VILAS TRANSCORE LIMITED,       330.05,       335.00,       337.95,       328.85,       330.45,                  5812200.00,17500, ,       673.70,       291.00
N,SM,VINSYS,VINSYS IT SERVICES IND LT,       309.85,       317.10,       326.85,       317.05,       326.85,                  1280712.50,4000, ,       475.00,       300.00
N,SM,VINYAS,VINYAS INNOVATIVE TECH L,      1055.65,      1050.05,      1070.00,      1040.00,      1050.00,                 60315870.00,57400, ,      1440.00,       575.80
N,SM,VGINFOTECH,VIRTUAL GALAXY INFOTECH L,       139.55,       137.05,       143.90,       137.05,       140.10,                  4654750.00,33000, ,       208.00,       122.00
N,ST,VISAMAN,VISAMAN GLOBAL SALES LTD,       129.80,       132.50,       132.50,       123.35,       132.00,                  1875850.00,15000, ,       145.00,        34.00
N,SM,VISHNUINFR,VISHNUSURYA PROJ N INFR L,       182.40,       182.10,       182.10,       177.05,       178.15,                  1602875.00,9000, ,       279.95,       145.00
N,ST,VIESL,VISION INFRA EQUIP SOL L,       232.00,       231.50,       231.50,       231.50,       231.50,                   185200.00,800, ,       307.90,       111.95
N,SM,VITAL,VITAL CHEMTECH LIMITED,        50.60,        51.10,        51.55,        51.10,        51.55,                   123180.00,2400, ,        77.00,        48.10
N,SM,VIVIANA,VIVIANA POWER TECH LTD,       787.25,       787.00,       859.00,       751.00,       815.25,                 16112010.00,19800, ,      1860.00,       565.00
N,SM,VOLERCAR,VOLER CAR LIMITED,       233.15,       233.00,       233.15,       233.00,       233.15,                 11184240.00,48000, ,       255.00,        77.40
N,SM,WINSOL,WINSOL ENGINEERS LIMITED,       129.50,       127.10,       129.00,       127.05,       128.95,                   255660.00,2000, ,       272.00,       124.80
N,SM,WTICAB,WISE TRAVEL INDIA LIMITED,       118.35,       121.90,       123.40,       121.90,       123.40,                   244800.00,2000, ,       204.00,       113.00
N,ST,WOL3D,WOL 3D INDIA LIMITED,       139.25,       143.00,       143.00,       133.30,       139.00,                  1097050.00,8000, ,       209.95,        97.00
N,SM,WOMANCART,WOMANCART LIMITED,       186.90,       185.00,       186.85,       175.00,       176.00,                  4931880.00,27600, ,       364.00,       171.10
N,SM,YASHOPTICS,YASH OPTICS & LENS LTD,       117.00,       117.00,       117.50,       117.00,       117.50,                   281200.00,2400, ,       153.50,        72.60
N,SM,YUDIZ,YUDIZ SOLUTIONS LIMITED,        34.70,        36.40,        36.40,        35.80,        35.80,                   493400.00,13600, ,        58.10,        24.65
N,SM,ZTECH,Z-TECH (INDIA) LIMITED,       564.95,       564.95,       571.00,       555.05,       565.10,                 11300475.00,20100, ,       701.00,       460.00
N,SM,ZENITHDRUG,ZENITH DRUGS LIMITED,        49.05,        47.50,        49.00,        47.50,        49.00,                   233840.00,4800, ,       107.00,        45.00
